No,Keyword,Relevancy to supremesecurityservices.ca,Volume,CPC,Paid Difficulty,SEO Difficulty,Keyword found on…
1,"security guard licence","0.87",18100,"$2.21",32,5,"supremesecurityservices.ca"
2,"licence security guard","0.87",18100,"$2.21",32,15,"supremesecurityservices.ca"
3,"security officer license","0.86",18100,"$2.14",20,51,"supremesecurityservices.ca"
4,"security guard license","0.86",18100,"$2.21",32,45,"supremesecurityservices.ca"
5,"license security guard","0.86",18100,"$2.21",32,16,"supremesecurityservices.ca"
6,"licence for security guard","0.86",18100,"$2.21",32,16,"supremesecurityservices.ca"
7,"license for security officer","0.86",18100,"$2.21",32,15,"supremesecurityservices.ca"
8,"license for security guard","0.85",18100,"$2.21",32,16,"supremesecurityservices.ca"
9,"license of security guard","0.85",18100,"$2.21",32,16,"supremesecurityservices.ca"
10,"security guards license","0.84",18100,"$2.21",32,28,"supremesecurityservices.ca"
11,"security guard licensing","0.84",18100,"$2.21",32,28,"supremesecurityservices.ca"
12,"licensed security guard","0.80",18100,"$2.21",32,16,"supremesecurityservices.ca"
13,"security guard permit","0.80",18100,"$2.14",20,51,"supremesecurityservices.ca"
14,"security guard license ontario","0.92",14800,"$2.60",17,36,"supremesecurityservices.ca"
15,"ontario security guard license","0.92",14800,"$2.60",17,27,"supremesecurityservices.ca"
16,"ontario security guard licence","0.92",14800,"$2.71",28,18,"supremesecurityservices.ca"
17,"security guard licence ontario","0.92",14800,"$2.60",17,27,"supremesecurityservices.ca"
18,"security guard license in ontario","0.91",14800,"$2.71",28,5,"supremesecurityservices.ca"
19,"ontario security license","0.91",14800,"$2.60",17,27,"supremesecurityservices.ca"
20,"security license ontario","0.91",14800,"$2.71",28,5,"supremesecurityservices.ca"
21,"security ontario license","0.91",14800,"$2.60",17,27,"supremesecurityservices.ca"
22,"security licence ontario","0.89",14800,"$2.71",28,4,"supremesecurityservices.ca"
23,"security license in ontario","0.89",14800,"$2.60",17,27,"supremesecurityservices.ca"
24,"security licence in ontario","0.88",14800,"$2.60",17,27,"supremesecurityservices.ca"
25,"ontario security licensing","0.88",14800,"$2.60",17,27,"supremesecurityservices.ca"
26,"ontario security training","0.78",8100,"$1.07",20,37,"supremesecurityservices.ca"
27,"ontario security training ontario","0.76",8100,"$0.77",20,40,"supremesecurityservices.ca"
28,"security agency near me","0.75",8100,"$2.81",16,7,"supremesecurityservices.ca"
29,"security agencies near me","0.72",8100,"$2.81",16,34,"supremesecurityservices.ca"
30,"guard and security","0.70",8100,"$4.15",14,37,"wincon-security.com"
31,"security guards","0.66",8100,"$4.15",14,40,"wincon-security.com"
32,"security guarding","0.62",8100,"$4.15",14,15,"wincon-security.com"
33,"license security","0.86",6600,"$2.71",20,16,"supremesecurityservices.ca"
34,"logixx security toronto security services company","0.83",6600,"$0.76",4,8,"wincon-security.com"
35,"security license d","0.79",6600,"$2.62",15,67,"supremesecurityservices.ca"
36,"jobs of security guard","0.74",6600,"$0.68",10,23,"wincon-security.com"
37,"security guard job","0.73",6600,"$0.68",10,18,"wincon-security.com"
38,"job of security guard","0.73",6600,"$1.02",15,38,"wincon-security.com"
39,"guard security jobs","0.73",6600,"$1.02",15,46,"wincon-security.com"
40,"security guard jobs","0.73",6600,"$0.68",10,20,"wincon-security.com"
41,"job as security guard","0.73",6600,"$0.68",10,24,"wincon-security.com"
42,"job for security guard","0.73",6600,"$0.68",10,17,"wincon-security.com"
43,"security company near me","0.73",6600,"$4.26",17,29,"supremesecurityservices.ca"
44,"job in security guard","0.73",6600,"$0.68",10,20,"wincon-security.com"
45,"jobs in security guard","0.72",6600,"$0.68",10,20,"wincon-security.com"
46,"job as a security guard","0.72",6600,"$1.02",15,43,"wincon-security.com"
47,"jobs for security guards","0.72",6600,"$0.68",10,20,"wincon-security.com"
48,"security guards job","0.71",6600,"$0.68",10,8,"wincon-security.com"
49,"security job","0.71",6600,"$0.56",8,22,"wincon-security.com"
50,"security security jobs","0.71",6600,"$0.98",14,16,"wincon-security.com"
51,"security guards jobs","0.71",6600,"$0.68",10,20,"wincon-security.com"
52,"security companies near me","0.70",6600,"$4.26",17,3,"supremesecurityservices.ca"
53,"security guard positions","0.69",6600,"$1.02",15,43,"wincon-security.com"
54,"security jobs","0.67",6600,"$0.56",8,22,"wincon-security.com"
55,"security guards positions","0.67",6600,"$0.68",10,27,"wincon-security.com"
56,"securities company near me","0.65",6600,"$4.26",17,36,"supremesecurityservices.ca"
57,"secure jobs","0.58",6600,"$0.56",8,4,"wincon-security.com"
58,"security renewal license","0.83",5400,"$1.07",1,27,"supremesecurityservices.ca"
59,"security company","0.81",5400,"$4.61",19,37,"supremesecurityservices.ca"
60,"security companies","0.75",5400,"$4.61",19,50,"wincon-security.com"
61,"securities company","0.63",5400,"$4.61",19,69,"wincon-security.com"
62,"parking control toronto","0.62",4400,"$0.91",1,14,"supremesecurityservices.ca"
63,"toronto security company","0.84",3600,"$3.65",25,33,"supremesecurityservices.ca"
64,"security agency in toronto","0.82",3600,"$3.65",25,29,"supremesecurityservices.ca"
65,"security company in toronto","0.82",3600,"$3.65",25,15,"supremesecurityservices.ca"
66,"security companies toronto","0.80",3600,"$3.65",25,24,"supremesecurityservices.ca"
67,"security agencies in toronto","0.79",3600,"$3.65",25,9,"supremesecurityservices.ca"
68,"security companies in toronto","0.78",3600,"$3.65",25,14,"supremesecurityservices.ca"
69,"security guard services","0.78",3600,"$6.06",6,31,"supremesecurityservices.ca"
70,"security services guard","0.78",3600,"$6.06",6,22,"supremesecurityservices.ca"
71,"guard security services","0.78",3600,"$6.06",6,50,"wincon-security.com"
72,"security services for guard","0.78",3600,"$6.06",6,41,"supremesecurityservices.ca"
73,"security firms toronto","0.78",3600,"$3.77",24,43,"wincon-security.com"
74,"security firms in toronto","0.77",3600,"$3.77",24,43,"supremesecurityservices.ca"
75,"security service guard","0.76",3600,"$6.06",6,24,"supremesecurityservices.ca"
76,"security guard service","0.76",3600,"$6.06",6,41,"supremesecurityservices.ca"
77,"security guards service","0.73",3600,"$6.06",6,16,"supremesecurityservices.ca"
78,"secure guard services","0.72",3600,"$6.06",6,34,"supremesecurityservices.ca"
79,"security guard agency near me","0.78",2900,"$2.77",19,26,"wincon-security.com"
80,"security guard company near me","0.76",2900,"$2.77",19,41,"wincon-security.com"
81,"security guard agencies near me","0.76",2900,"$2.77",19,11,"supremesecurityservices.ca"
82,"guards security services","0.75",2900,"$6.00",5,67,"supremesecurityservices.ca"
83,"security guards company near me","0.75",2900,"$2.77",19,26,"supremesecurityservices.ca"
84,"security guard companies near me","0.74",2900,"$2.77",19,23,"supremesecurityservices.ca"
85,"security guards companies near me","0.72",2900,"$2.77",19,11,"supremesecurityservices.ca"
86,"guarded security services","0.72",2900,"$6.00",5,73,"wincon-security.com"
87,"jobs near me security","0.65",2900,"$0.65",12,9,"wincon-security.com"
88,"toronto crime rates","0.56",2900,"$0.11",1,52,"wincon-security.com"
89,"renew ontario security license","0.88",2400,"$0.91",1,6,"supremesecurityservices.ca"
90,"security license ontario renew","0.88",2400,"$0.91",1,6,"supremesecurityservices.ca"
91,"renew security license ontario","0.88",2400,"$0.91",1,6,"supremesecurityservices.ca"
92,"ontario security license renewal","0.88",2400,"$0.91",1,6,"supremesecurityservices.ca"
93,"security license ontario renewal","0.88",2400,"$0.91",1,6,"supremesecurityservices.ca"
94,"security guard license renewal","0.86",2400,"$2.89",1,6,"supremesecurityservices.ca"
95,"security guards license renewal","0.85",2400,"$2.89",1,5,"supremesecurityservices.ca"
96,"security license apply","0.83",2400,"$2.17",6,3,"supremesecurityservices.ca"
97,"apply security license","0.83",2400,"$2.65",4,20,"supremesecurityservices.ca"
98,"apply security licence","0.83",2400,"$2.17",6,5,"supremesecurityservices.ca"
99,"security guard company","0.82",2400,"$3.19",21,34,"supremesecurityservices.ca"
100,"security guards company","0.80",2400,"$3.19",21,29,"supremesecurityservices.ca"
101,"security guard companies","0.79",2400,"$3.19",21,34,"wincon-security.com"
102,"security job toronto","0.76",2400,"$0.60",16,18,"wincon-security.com"
103,"toronto security job","0.76",2400,"$0.60",16,18,"wincon-security.com"
104,"security guards companies","0.76",2400,"$3.19",21,50,"supremesecurityservices.ca"
105,"course for security officer","0.74",2400,"$1.75",25,24,"supremesecurityservices.ca"
106,"security job in toronto","0.74",2400,"$0.60",16,10,"wincon-security.com"
107,"security guarding companies","0.74",2400,"$3.19",21,51,"supremesecurityservices.ca"
108,"security jobs in toronto ontario","0.73",2400,"$0.60",16,10,"wincon-security.com"
109,"security careers toronto","0.73",2400,"$0.60",16,18,"wincon-security.com"
110,"security officer courses","0.73",2400,"$1.75",25,17,"supremesecurityservices.ca"
111,"security jobs toronto","0.73",2400,"$0.60",16,18,"wincon-security.com"
112,"city of toronto security jobs","0.72",2400,"$0.60",16,10,"wincon-security.com"
113,"security jobs in canada toronto","0.72",2400,"$0.60",16,10,"wincon-security.com"
114,"security jobs in toronto","0.71",2400,"$0.60",16,10,"wincon-security.com"
115,"classes for security guard","0.70",2400,"$1.75",25,17,"supremesecurityservices.ca"
116,"security officers courses","0.69",2400,"$1.63",23,39,"supremesecurityservices.ca"
117,"security near me","0.62",2400,"$2.31",16,34,"supremesecurityservices.ca"
118,"crime rates in toronto","0.57",2400,"$0.00",1,30,"wincon-security.com"
119,"parking police","0.56",2400,"$2.73",1,39,"supremesecurityservices.ca"
120,"supreme in canada","0.56",2400,"$0.77",22,16,"supremesecurityservices.ca"
121,"supreme canada","0.52",2400,"$0.58",48,33,"supremesecurityservices.ca"
122,"secure near me","0.51",2400,"$7.91",16,41,"wincon-security.com"
123,"guard security company","0.82",1900,"$3.46",20,64,"supremesecurityservices.ca"
124,"company security guard","0.82",1900,"$3.46",20,47,"wincon-security.com"
125,"security company guard","0.82",1900,"$3.46",20,73,"wincon-security.com"
126,"security guard hiring toronto","0.79",1900,"$0.52",17,11,"wincon-security.com"
127,"security guard jobs toronto ontario","0.79",1900,"$0.52",17,11,"wincon-security.com"
128,"security guard job toronto","0.79",1900,"$0.52",17,11,"wincon-security.com"
129,"toronto security guard jobs","0.78",1900,"$0.52",17,11,"wincon-security.com"
130,"security guard jobs toronto","0.78",1900,"$0.52",17,11,"wincon-security.com"
131,"guarding security company","0.77",1900,"$3.46",20,73,"wincon-security.com"
132,"security guard careers toronto","0.77",1900,"$0.52",17,11,"wincon-security.com"
133,"security guard jobs in toronto","0.77",1900,"$0.52",17,11,"wincon-security.com"
134,"security guard firms","0.77",1900,"$3.46",20,73,"wincon-security.com"
135,"security guards jobs toronto","0.76",1900,"$0.52",17,11,"wincon-security.com"
136,"city of toronto security job","0.74",1900,"$0.98",22,15,"wincon-security.com"
137,"toronto security jobs","0.73",1900,"$0.98",22,20,"wincon-security.com"
138,"ontario security exam","0.72",1900,"$3.61",14,4,"supremesecurityservices.ca"
139,"training security guard","0.72",1900,"$2.33",26,25,"supremesecurityservices.ca"
140,"security jobs in toronto canada","0.72",1900,"$0.98",22,15,"wincon-security.com"
141,"training security guards","0.69",1900,"$2.33",26,28,"supremesecurityservices.ca"
142,"security guard jobs in toronto ontario","0.79",1600,"$0.85",23,16,"wincon-security.com"
143,"security officer jobs toronto","0.79",1600,"$0.85",23,16,"wincon-security.com"
144,"security guard job in toronto","0.78",1600,"$0.85",23,16,"wincon-security.com"
145,"security officer jobs in toronto","0.77",1600,"$0.85",23,16,"wincon-security.com"
146,"security guard jobs city of toronto","0.77",1600,"$0.85",23,15,"wincon-security.com"
147,"city of toronto security guard jobs","0.77",1600,"$0.85",23,15,"wincon-security.com"
148,"jobs for security guards in toronto","0.75",1600,"$0.85",23,16,"wincon-security.com"
149,"security services","0.74",1600,"$8.45",13,38,"supremesecurityservices.ca"
150,"security guard services near me","0.74",1600,"$1.82",14,22,"supremesecurityservices.ca"
151,"security guards services near me","0.73",1600,"$1.82",14,22,"supremesecurityservices.ca"
152,"security service","0.72",1600,"$8.45",13,71,"supremesecurityservices.ca"
153,"security guard service near me","0.72",1600,"$1.82",14,22,"supremesecurityservices.ca"
154,"security company winnipeg","0.81",1300,"$5.94",12,17,"wincon-security.com"
155,"security ontario","0.78",1300,"$2.62",20,46,"supremesecurityservices.ca"
156,"ontario security","0.78",1300,"$2.62",20,37,"supremesecurityservices.ca"
157,"security company brampton","0.77",1300,"$3.69",23,20,"supremesecurityservices.ca"
158,"security company in brampton","0.77",1300,"$3.69",23,12,"supremesecurityservices.ca"
159,"it security companies","0.76",1300,"$25.43",31,8,"wincon-security.com"
160,"security companies brampton","0.73",1300,"$3.69",23,20,"supremesecurityservices.ca"
161,"security guards jobs near me","0.68",1300,"$1.11",17,30,"wincon-security.com"
162,"security guard positions near me","0.67",1300,"$0.84",11,9,"wincon-security.com"
163,"service ontario security license","0.91",1000,"$1.83",8,5,"supremesecurityservices.ca"
164,"security license service ontario","0.91",1000,"$1.91",5,27,"supremesecurityservices.ca"
165,"security agency","0.81",1000,"$4.02",13,52,"supremesecurityservices.ca"
166,"security agencies in mississauga","0.76",1000,"$4.64",24,8,"supremesecurityservices.ca"
167,"security companies mississauga","0.76",1000,"$6.10",24,30,"supremesecurityservices.ca"
168,"security companies in mississauga","0.75",1000,"$4.64",24,8,"supremesecurityservices.ca"
169,"secure agency","0.74",1000,"$4.02",13,42,"supremesecurityservices.ca"
170,"security guard jobs in brampton","0.72",1000,"$0.79",23,12,"wincon-security.com"
171,"brampton security guard jobs","0.72",1000,"$0.79",23,12,"wincon-security.com"
172,"security guard jobs brampton","0.72",1000,"$0.79",23,12,"wincon-security.com"
173,"security agent","0.71",1000,"$4.02",13,22,"wincon-security.com"
174,"security guards jobs in brampton","0.70",1000,"$0.79",23,12,"wincon-security.com"
175,"wincon security","0.67",1000,"$0.28",3,19,"wincon-security.com"
176,"security trainings","0.59",1000,"$3.58",34,3,"supremesecurityservices.ca"
177,"agency in etobicoke","0.58",1000,"$3.31",13,15,"supremesecurityservices.ca"
178,"toronto van attack","0.51",1000,"$0.00",1,22,"wincon-security.com"
179,"ontario security guard license course","0.91",880,"$2.89",40,17,"supremesecurityservices.ca"
180,"ontario security guard license training","0.90",880,"$2.89",40,37,"supremesecurityservices.ca"
181,"security guard company toronto","0.86",880,"$2.52",27,20,"supremesecurityservices.ca"
182,"how to get ontario security guard license","0.86",880,"$2.56",50,4,"supremesecurityservices.ca"
183,"security guard company in toronto","0.85",880,"$2.52",27,20,"supremesecurityservices.ca"
184,"how to get security license ontario","0.84",880,"$2.56",50,4,"supremesecurityservices.ca"
185,"how to get a security guard license in ontario","0.82",880,"$2.56",50,5,"supremesecurityservices.ca"
186,"ontario security guard course","0.82",880,"$2.89",40,37,"supremesecurityservices.ca"
187,"guard security agency","0.82",880,"$3.74",21,73,"supremesecurityservices.ca"
188,"agency security guard","0.82",880,"$3.74",21,30,"wincon-security.com"
189,"agency for security guard","0.82",880,"$3.74",21,37,"wincon-security.com"
190,"how to get security license in ontario","0.82",880,"$2.56",50,4,"supremesecurityservices.ca"
191,"agency of security guard","0.81",880,"$3.07",21,15,"supremesecurityservices.ca"
192,"security guard training ontario","0.81",880,"$2.89",40,37,"supremesecurityservices.ca"
193,"security company in ottawa","0.81",880,"$3.30",21,12,"supremesecurityservices.ca"
194,"security guards agency","0.80",880,"$3.07",21,43,"supremesecurityservices.ca"
195,"agencies for security guard","0.79",880,"$3.07",21,20,"supremesecurityservices.ca"
196,"security guard agencies","0.79",880,"$3.07",21,29,"supremesecurityservices.ca"
197,"private security company","0.79",880,"$4.15",20,57,"supremesecurityservices.ca"
198,"ottawa security companies","0.78",880,"$3.30",21,20,"supremesecurityservices.ca"
199,"security companies in ottawa ontario","0.78",880,"$3.30",21,12,"supremesecurityservices.ca"
200,"security agencies","0.75",880,"$3.59",20,11,"wincon-security.com"
201,"security guard responsibility","0.75",880,"$0.46",6,15,"supremesecurityservices.ca"
202,"private security companies","0.75",880,"$4.15",20,40,"supremesecurityservices.ca"
203,"security guard responsibilities","0.73",880,"$0.46",6,15,"supremesecurityservices.ca"
204,"duty of security officer","0.72",880,"$0.46",6,7,"supremesecurityservices.ca"
205,"duties and responsibilities of a security guard","0.71",880,"$0.54",7,8,"supremesecurityservices.ca"
206,"duty of security guard","0.71",880,"$0.46",6,7,"supremesecurityservices.ca"
207,"security guard duties and responsibilities","0.71",880,"$0.54",7,8,"supremesecurityservices.ca"
208,"security services near me","0.70",880,"$4.33",17,43,"supremesecurityservices.ca"
209,"security private","0.70",880,"$4.15",20,27,"supremesecurityservices.ca"
210,"private security","0.70",880,"$3.31",23,47,"supremesecurityservices.ca"
211,"duties and responsibilities of security officer","0.70",880,"$0.46",6,10,"supremesecurityservices.ca"
212,"duties and responsibilities of security guards","0.69",880,"$0.54",7,8,"supremesecurityservices.ca"
213,"role of security guard","0.69",880,"$0.46",6,7,"supremesecurityservices.ca"
214,"security service near me","0.68",880,"$4.33",17,43,"supremesecurityservices.ca"
215,"security guard roles and responsibilities","0.68",880,"$0.46",6,7,"supremesecurityservices.ca"
216,"roles of security guard","0.68",880,"$0.46",6,7,"supremesecurityservices.ca"
217,"security job part time","0.68",880,"$0.37",8,8,"wincon-security.com"
218,"roles and responsibilities of security guard","0.68",880,"$0.46",6,7,"supremesecurityservices.ca"
219,"parking complaint toronto","0.61",880,"$0.00",1,13,"supremesecurityservices.ca"
220,"security guard license apply","0.86",720,"$2.90",6,26,"supremesecurityservices.ca"
221,"apply security guard license","0.86",720,"$2.14",14,10,"supremesecurityservices.ca"
222,"security guard companies toronto","0.84",720,"$2.48",25,20,"supremesecurityservices.ca"
223,"applying for security guard license","0.83",720,"$2.14",14,3,"supremesecurityservices.ca"
224,"security guard agencies in toronto","0.83",720,"$2.48",25,33,"supremesecurityservices.ca"
225,"security company ottawa","0.82",720,"$5.39",19,18,"supremesecurityservices.ca"
226,"security agency brampton","0.77",720,"$2.94",26,21,"supremesecurityservices.ca"
227,"security agencies in brampton","0.74",720,"$2.94",26,13,"supremesecurityservices.ca"
228,"security officer description duties","0.73",720,"$0.76",9,39,"supremesecurityservices.ca"
229,"security agencies brampton","0.73",720,"$3.34",26,21,"supremesecurityservices.ca"
230,"guard training","0.60",720,"$0.72",9,15,"supremesecurityservices.ca"
231,"security li","0.55",720,"$1.15",99,28,"supremesecurityservices.ca"
232,"security guard license ontario renewal","0.91",590,"$2.37",1,6,"supremesecurityservices.ca"
233,"ontario security guard license renewal","0.91",590,"$2.37",1,6,"supremesecurityservices.ca"
234,"security guard license renewal ontario","0.91",590,"$2.37",1,6,"supremesecurityservices.ca"
235,"security guard licence renewal ontario","0.91",590,"$3.40",1,4,"supremesecurityservices.ca"
236,"renew security guard license ontario","0.91",590,"$2.37",1,6,"supremesecurityservices.ca"
237,"security agency toronto","0.83",590,"$2.93",24,56,"wincon-security.com"
238,"ontario security license exam","0.83",590,"$2.09",13,10,"supremesecurityservices.ca"
239,"security license exam ontario","0.83",590,"$2.09",13,10,"supremesecurityservices.ca"
240,"security employment agency","0.82",590,"$1.86",12,17,"wincon-security.com"
241,"security companies hamilton ontario","0.80",590,"$6.57",28,14,"wincon-security.com"
242,"security job agency","0.80",590,"$2.51",14,16,"wincon-security.com"
243,"how to apply security license","0.80",590,"$2.17",31,15,"supremesecurityservices.ca"
244,"how to apply for security licence","0.78",590,"$1.82",23,20,"supremesecurityservices.ca"
245,"security company in scarborough","0.77",590,"$3.62",22,12,"supremesecurityservices.ca"
246,"how to apply for a security license","0.76",590,"$2.17",31,3,"supremesecurityservices.ca"
247,"security companies in scarborough","0.74",590,"$3.62",22,12,"supremesecurityservices.ca"
248,"security companies scarborough","0.73",590,"$3.62",22,20,"supremesecurityservices.ca"
249,"security recruitment agencies","0.73",590,"$2.51",14,16,"wincon-security.com"
250,"security providers","0.71",590,"$13.59",1,91,"supremesecurityservices.ca"
251,"security guards near me","0.65",590,"$2.54",17,11,"wincon-security.com"
252,"loss and prevention officer","0.59",590,"$3.45",2,6,"wincon-security.com"
253,"loss prevention officers","0.55",590,"$3.45",2,43,"wincon-security.com"
254,"toronto security guard license","0.90",480,"$1.90",36,15,"wincon-security.com"
255,"security guard license toronto","0.90",480,"$1.90",36,13,"wincon-security.com"
256,"service ontario security license renewal","0.89",480,"$3.50",3,6,"supremesecurityservices.ca"
257,"apply security license ontario","0.89",480,"$2.01",22,12,"supremesecurityservices.ca"
258,"security company ontario","0.88",480,"$4.35",22,34,"supremesecurityservices.ca"
259,"apply for security license ontario","0.88",480,"$1.90",13,23,"supremesecurityservices.ca"
260,"security guard employment agency","0.84",480,"$1.79",16,10,"wincon-security.com"
261,"security company canada","0.84",480,"$5.83",25,34,"supremesecurityservices.ca"
262,"security companies ontario","0.84",480,"$4.35",22,29,"supremesecurityservices.ca"
263,"ontario security companies","0.84",480,"$4.68",19,29,"supremesecurityservices.ca"
264,"security company hamilton","0.83",480,"$6.55",26,6,"wincon-security.com"
265,"security company in canada","0.82",480,"$5.83",25,32,"supremesecurityservices.ca"
266,"ontario security guard","0.81",480,"$2.28",26,45,"supremesecurityservices.ca"
267,"security guard ontario","0.81",480,"$2.28",26,45,"supremesecurityservices.ca"
268,"security guard in ontario","0.81",480,"$2.28",26,28,"supremesecurityservices.ca"
269,"security companies canada","0.80",480,"$6.00",22,35,"wincon-security.com"
270,"canada security companies","0.80",480,"$5.83",25,34,"wincon-security.com"
271,"security guard job agencies","0.80",480,"$1.79",16,10,"wincon-security.com"
272,"canadian security companies","0.80",480,"$5.83",25,18,"wincon-security.com"
273,"security companies hamilton","0.79",480,"$6.55",26,6,"wincon-security.com"
274,"security guards in ontario","0.79",480,"$2.28",26,49,"supremesecurityservices.ca"
275,"ontario security guards","0.78",480,"$2.28",26,45,"supremesecurityservices.ca"
276,"security companies in hamilton","0.78",480,"$6.55",26,6,"wincon-security.com"
277,"security firms in canada","0.78",480,"$6.00",22,57,"supremesecurityservices.ca"
278,"security guard training in toronto","0.77",480,"$1.90",28,23,"wincon-security.com"
279,"kitchener security companies","0.76",480,"$6.17",25,21,"supremesecurityservices.ca"
280,"security companies in kitchener waterloo","0.70",480,"$4.88",25,11,"supremesecurityservices.ca"
281,"protection services","0.69",480,"$3.88",7,2,"supremesecurityservices.ca"
282,"jobs security","0.67",480,"$1.17",3,8,"wincon-security.com"
283,"security offices near me","0.66",480,"$1.80",14,57,"supremesecurityservices.ca"
284,"basic security training","0.66",480,"$3.09",8,16,"supremesecurityservices.ca"
285,"security for event","0.64",480,"$3.68",25,21,"supremesecurityservices.ca"
286,"event security","0.63",480,"$3.68",25,26,"supremesecurityservices.ca"
287,"security for events","0.63",480,"$3.68",25,21,"supremesecurityservices.ca"
288,"private parking","0.53",480,"$1.41",19,24,"supremesecurityservices.ca"
289,"etobicoke agency","0.51",480,"$6.92",10,22,"supremesecurityservices.ca"
290,"ontario security license apply","0.89",390,"$1.94",12,9,"supremesecurityservices.ca"
291,"security license ontario cost","0.89",390,"$1.91",37,17,"supremesecurityservices.ca"
292,"how to obtain security guard license","0.83",390,"$2.06",31,20,"supremesecurityservices.ca"
293,"security guard company brampton","0.81",390,"$2.47",17,11,"supremesecurityservices.ca"
294,"security guard agency in brampton","0.81",390,"$2.47",17,11,"supremesecurityservices.ca"
295,"how to obtain a security guard license","0.81",390,"$2.33",40,3,"supremesecurityservices.ca"
296,"security guard agency brampton","0.81",390,"$2.14",19,16,"supremesecurityservices.ca"
297,"security company in windsor","0.80",390,"$4.63",16,15,"wincon-security.com"
298,"canada security services","0.80",390,"$1.97",7,42,"supremesecurityservices.ca"
299,"how to get a security officer license","0.79",390,"$2.33",40,28,"supremesecurityservices.ca"
300,"security companies windsor ontario","0.79",390,"$4.53",14,10,"wincon-security.com"
301,"security guard agencies in brampton","0.79",390,"$2.14",19,16,"supremesecurityservices.ca"
302,"how to get the security guard license","0.78",390,"$2.33",40,4,"supremesecurityservices.ca"
303,"security guard companies in brampton","0.78",390,"$2.14",19,11,"supremesecurityservices.ca"
304,"how to get license for security guard","0.78",390,"$2.33",40,28,"supremesecurityservices.ca"
305,"canada security service","0.78",390,"$1.97",7,42,"supremesecurityservices.ca"
306,"how to get a security guard license","0.78",390,"$2.33",40,3,"supremesecurityservices.ca"
307,"private security contractors canada","0.78",390,"$1.97",9,19,"supremesecurityservices.ca"
308,"how to get security license","0.78",390,"$1.82",41,3,"supremesecurityservices.ca"
309,"canadian private security contractors","0.77",390,"$1.97",9,19,"supremesecurityservices.ca"
310,"security companies in windsor","0.77",390,"$4.53",14,10,"wincon-security.com"
311,"how can i get security guard license","0.76",390,"$2.33",40,15,"supremesecurityservices.ca"
312,"how i get security license","0.76",390,"$1.82",41,3,"supremesecurityservices.ca"
313,"how to get the security license","0.76",390,"$1.82",41,3,"supremesecurityservices.ca"
314,"security jobs ontario","0.76",390,"$0.27",15,18,"wincon-security.com"
315,"security guard group limited","0.74",390,"$1.59",7,5,"wincon-security.com"
316,"personal security guard","0.74",390,"$2.69",17,19,"supremesecurityservices.ca"
317,"security guard hiring","0.74",390,"$1.13",25,20,"wincon-security.com"
318,"security work in canada","0.73",390,"$1.14",19,11,"wincon-security.com"
319,"security jobs canada","0.73",390,"$0.69",16,18,"wincon-security.com"
320,"security canada jobs","0.73",390,"$0.69",16,18,"wincon-security.com"
321,"canada security jobs","0.73",390,"$1.14",19,19,"wincon-security.com"
322,"security guard duties","0.73",390,"$0.72",6,15,"supremesecurityservices.ca"
323,"personal security guards","0.72",390,"$2.69",17,19,"supremesecurityservices.ca"
324,"security officer duties","0.72",390,"$0.72",6,5,"supremesecurityservices.ca"
325,"security guard duty","0.71",390,"$0.72",6,15,"supremesecurityservices.ca"
326,"skills for a security guard","0.70",390,"$0.33",5,11,"supremesecurityservices.ca"
327,"security guards duties","0.70",390,"$0.72",6,15,"supremesecurityservices.ca"
328,"security guard role","0.69",390,"$0.72",6,10,"supremesecurityservices.ca"
329,"security jobs in nova scotia","0.69",390,"$0.14",9,8,"wincon-security.com"
330,"security guards on duty","0.68",390,"$0.72",6,7,"supremesecurityservices.ca"
331,"security guard roles","0.67",390,"$0.72",6,15,"supremesecurityservices.ca"
332,"security guards skills","0.67",390,"$1.15",3,14,"supremesecurityservices.ca"
333,"security jobs in scarborough","0.66",390,"$0.75",21,12,"wincon-security.com"
334,"security jobs scarborough","0.65",390,"$0.75",21,20,"wincon-security.com"
335,"winner job application","0.55",390,"$0.75",24,21,"wincon-security.com"
336,"security license cost ontario","0.89",320,"$1.57",14,10,"supremesecurityservices.ca"
337,"security guard training license","0.85",320,"$3.00",37,17,"supremesecurityservices.ca"
338,"security training license","0.83",320,"$3.55",26,24,"supremesecurityservices.ca"
339,"security guard agency hiring","0.81",320,"$1.55",21,15,"wincon-security.com"
340,"how to obtain security license","0.80",320,"$2.32",34,4,"supremesecurityservices.ca"
341,"private security firms canada","0.79",320,"$1.74",7,11,"supremesecurityservices.ca"
342,"how to get security licence","0.78",320,"$2.32",34,3,"supremesecurityservices.ca"
343,"security guard toronto","0.77",320,"$4.99",21,23,"wincon-security.com"
344,"security guard in toronto","0.77",320,"$4.99",21,12,"wincon-security.com"
345,"security agencies in kitchener","0.76",320,"$3.57",24,13,"supremesecurityservices.ca"
346,"security guard jobs in scarborough ontario","0.75",320,"$0.92",28,14,"wincon-security.com"
347,"hire security guard","0.75",320,"$4.52",34,24,"wincon-security.com"
348,"hiring security guard","0.74",320,"$4.52",34,8,"wincon-security.com"
349,"security guard job in scarborough","0.73",320,"$0.92",28,14,"wincon-security.com"
350,"security guard jobs in scarborough","0.72",320,"$0.61",19,11,"wincon-security.com"
351,"scarborough security guard jobs","0.72",320,"$0.61",19,11,"wincon-security.com"
352,"security guard jobs scarborough","0.72",320,"$0.61",19,11,"wincon-security.com"
353,"security for hire","0.71",320,"$2.40",28,22,"supremesecurityservices.ca"
354,"security hiring","0.71",320,"$2.40",28,27,"supremesecurityservices.ca"
355,"hiring security","0.71",320,"$1.84",36,29,"supremesecurityservices.ca"
356,"emergency management ontario training","0.71",320,"$7.52",3,6,"wincon-security.com"
357,"training emergency management ontario","0.71",320,"$7.52",3,6,"wincon-security.com"
358,"best guard security","0.71",320,"$1.30",7,16,"supremesecurityservices.ca"
359,"it security job","0.71",320,"$4.88",9,19,"wincon-security.com"
360,"security duties","0.70",320,"$0.81",5,4,"supremesecurityservices.ca"
361,"xtreme security services inc","0.70",320,"$2.85",7,8,"supremesecurityservices.ca"
362,"concierge security officer","0.69",320,"$2.97",17,19,"supremesecurityservices.ca"
363,"logixx security careers","0.68",320,"$0.72",7,16,"wincon-security.com"
364,"concierge security guard","0.66",320,"$1.98",16,18,"supremesecurityservices.ca"
365,"concord security","0.65",320,"$5.52",6,20,"supremesecurityservices.ca"
366,"supreme services","0.62",320,"$20.32",6,20,"supremesecurityservices.ca"
367,"concierge security","0.59",320,"$4.26",17,24,"supremesecurityservices.ca"
368,"parking authorities","0.59",320,"$16.62",1,23,"supremesecurityservices.ca"
369,"gun crime in toronto","0.59",320,"$0.00",1,13,"wincon-security.com"
370,"gun crime toronto","0.57",320,"$0.00",1,13,"wincon-security.com"
371,"milton agencies","0.56",320,"$1.28",9,15,"supremesecurityservices.ca"
372,"van attack toronto","0.51",320,"$0.00",1,10,"wincon-security.com"
373,"security license renewal ontario","0.88",260,"$2.18",1,6,"supremesecurityservices.ca"
374,"security guard license cost","0.87",260,"$1.42",14,10,"supremesecurityservices.ca"
375,"service ontario private security","0.81",260,"$9.98",13,4,"supremesecurityservices.ca"
376,"security guard companies in mississauga","0.80",260,"$2.90",22,12,"supremesecurityservices.ca"
377,"security agency mississauga","0.80",260,"$3.42",27,9,"supremesecurityservices.ca"
378,"security company hiring","0.79",260,"$1.11",24,21,"supremesecurityservices.ca"
379,"security hiring agency","0.79",260,"$1.55",33,23,"wincon-security.com"
380,"security agency hiring","0.79",260,"$1.55",33,23,"wincon-security.com"
381,"security services toronto","0.78",260,"$5.87",21,23,"supremesecurityservices.ca"
382,"toronto security services","0.78",260,"$5.87",21,20,"supremesecurityservices.ca"
383,"security service toronto","0.78",260,"$5.87",21,20,"supremesecurityservices.ca"
384,"security company sudbury","0.77",260,"$4.07",21,11,"wincon-security.com"
385,"security services in toronto","0.77",260,"$7.70",17,46,"supremesecurityservices.ca"
386,"security agency near me hiring","0.76",260,"$2.73",21,12,"wincon-security.com"
387,"security agencies hiring","0.75",260,"$1.55",33,23,"wincon-security.com"
388,"security companies hiring","0.75",260,"$1.11",24,21,"wincon-security.com"
389,"security protection services","0.75",260,"$11.25",14,18,"supremesecurityservices.ca"
390,"supreme security services","0.74",260,"$0.00",5,15,"supremesecurityservices.ca"
391,"how to apply for security license after exam","0.74",260,"$1.36",15,10,"supremesecurityservices.ca"
392,"toronto security","0.74",260,"$3.19",15,23,"wincon-security.com"
393,"security agencies near me hiring","0.73",260,"$2.73",21,12,"wincon-security.com"
394,"security in toronto","0.73",260,"$3.19",15,36,"supremesecurityservices.ca"
395,"top it security companies","0.72",260,"$17.15",43,34,"supremesecurityservices.ca"
396,"security guard training brampton","0.72",260,"$1.57",13,5,"wincon-security.com"
397,"security guard hiring near me","0.71",260,"$1.65",28,14,"wincon-security.com"
398,"hiring security guard near me","0.71",260,"$2.13",30,16,"wincon-security.com"
399,"hire security guard near me","0.71",260,"$2.13",30,15,"supremesecurityservices.ca"
400,"security guard office near me","0.70",260,"$2.37",18,34,"wincon-security.com"
401,"star security toronto","0.69",260,"$3.40",17,19,"supremesecurityservices.ca"
402,"security guards hiring near me","0.69",260,"$1.65",28,14,"wincon-security.com"
403,"toronto police report theft","0.68",260,"$0.00",1,5,"wincon-security.com"
404,"security careers","0.68",260,"$1.34",25,1,"supremesecurityservices.ca"
405,"security and patrol","0.68",260,"$13.02",11,24,"wincon-security.com"
406,"secure protection service","0.67",260,"$5.36",19,19,"supremesecurityservices.ca"
407,"security jobs in barrie","0.66",260,"$0.23",11,9,"wincon-security.com"
408,"security patrol","0.66",260,"$2.75",14,11,"wincon-security.com"
409,"patrol security","0.66",260,"$2.75",14,23,"wincon-security.com"
410,"security jobs barrie","0.65",260,"$0.23",11,17,"wincon-security.com"
411,"supreme security","0.64",260,"$2.48",3,19,"supremesecurityservices.ca"
412,"paladin security hamilton","0.59",260,"$0.52",10,17,"wincon-security.com"
413,"brampton company","0.58",260,"$5.51",5,20,"wincon-security.com"
414,"security patrolling","0.57",260,"$13.02",11,22,"wincon-security.com"
415,"how to renew security license ontario","0.86",210,"$0.00",1,5,"supremesecurityservices.ca"
416,"security license application","0.82",210,"$2.01",6,3,"supremesecurityservices.ca"
417,"home security companies ontario","0.81",210,"$6.81",90,10,"wincon-security.com"
418,"best security company toronto","0.81",210,"$4.60",31,47,"supremesecurityservices.ca"
419,"ontario security guard jobs","0.81",210,"$0.39",11,9,"wincon-security.com"
420,"security officer jobs ontario","0.81",210,"$0.39",11,9,"wincon-security.com"
421,"security guard jobs in ontario","0.79",210,"$0.39",11,9,"wincon-security.com"
422,"how to become security guard ontario","0.79",210,"$2.02",53,21,"supremesecurityservices.ca"
423,"best security company in toronto","0.78",210,"$4.45",28,14,"supremesecurityservices.ca"
424,"security jobs agency","0.78",210,"$2.35",14,18,"wincon-security.com"
425,"personal security guard hire","0.78",210,"$2.02",30,15,"supremesecurityservices.ca"
426,"best security companies toronto","0.78",210,"$4.45",28,14,"supremesecurityservices.ca"
427,"security employment agencies","0.77",210,"$2.35",14,18,"wincon-security.com"
428,"top security companies canada","0.77",210,"$4.34",17,22,"wincon-security.com"
429,"top 10 security guard companies in toronto","0.76",210,"$2.85",26,13,"supremesecurityservices.ca"
430,"how to become a security guard in ontario","0.75",210,"$2.44",43,23,"supremesecurityservices.ca"
431,"security guard jobs in kitchener","0.74",210,"$0.56",11,9,"wincon-security.com"
432,"security courses ontario","0.74",210,"$3.34",47,37,"supremesecurityservices.ca"
433,"parking enforcement number toronto","0.73",210,"$0.00",1,5,"supremesecurityservices.ca"
434,"secure group protection services inc","0.73",210,"$0.28",2,6,"supremesecurityservices.ca"
435,"security job recruitment agencies","0.73",210,"$2.35",14,10,"wincon-security.com"
436,"security personnel job","0.72",210,"$0.23",4,15,"wincon-security.com"
437,"security guard group","0.71",210,"$3.13",10,3,"wincon-security.com"
438,"how to become a security officer","0.70",210,"$2.28",40,18,"wincon-security.com"
439,"security ottawa","0.70",210,"$1.84",18,19,"supremesecurityservices.ca"
440,"guard security","0.70",210,"$3.59",25,32,"wincon-security.com"
441,"niagara falls security jobs","0.69",210,"$0.79",14,10,"wincon-security.com"
442,"security jobs in niagara falls","0.68",210,"$0.79",14,10,"wincon-security.com"
443,"cancom security jobs","0.67",210,"$0.84",11,17,"wincon-security.com"
444,"security hiring jobs","0.67",210,"$0.98",18,19,"supremesecurityservices.ca"
445,"security hiring near me","0.67",210,"$1.30",22,12,"wincon-security.com"
446,"loss prevention services ltd","0.63",210,"$0.00",2,6,"wincon-security.com"
447,"best agencies in brampton","0.62",210,"$1.06",12,19,"wincon-security.com"
448,"loss prevention and security","0.62",210,"$2.98",18,40,"wincon-security.com"
449,"loss and prevention security","0.62",210,"$2.98",18,35,"wincon-security.com"
450,"oshawa parking enforcement","0.62",210,"$0.03",1,16,"supremesecurityservices.ca"
451,"parking enforcement oshawa","0.62",210,"$0.03",1,13,"supremesecurityservices.ca"
452,"security condo","0.61",210,"$6.48",12,22,"wincon-security.com"
453,"condo security","0.61",210,"$5.22",17,31,"wincon-security.com"
454,"loss prevention security","0.60",210,"$2.98",18,33,"wincon-security.com"
455,"security license course ontario","0.89",170,"$2.40",38,46,"supremesecurityservices.ca"
456,"ontario security license course","0.89",170,"$3.20",43,17,"supremesecurityservices.ca"
457,"security license ontario course","0.89",170,"$3.20",43,37,"supremesecurityservices.ca"
458,"ontario security license training","0.88",170,"$3.20",43,37,"supremesecurityservices.ca"
459,"security licence ontario course","0.88",170,"$3.20",43,17,"supremesecurityservices.ca"
460,"security guard companies ontario","0.87",170,"$1.94",22,54,"supremesecurityservices.ca"
461,"security guard license result","0.85",170,"$0.00",1,6,"wincon-security.com"
462,"security guard companies in ontario","0.85",170,"$1.94",22,51,"supremesecurityservices.ca"
463,"security license course","0.83",170,"$3.19",42,17,"supremesecurityservices.ca"
464,"ottawa security guard companies","0.83",170,"$3.32",18,11,"supremesecurityservices.ca"
465,"security guard companies ottawa","0.83",170,"$3.32",18,11,"supremesecurityservices.ca"
466,"winnipeg security guard companies","0.82",170,"$4.79",14,10,"wincon-security.com"
467,"security guard companies winnipeg","0.82",170,"$4.79",14,10,"wincon-security.com"
468,"security guard companies in ottawa","0.81",170,"$3.32",18,11,"supremesecurityservices.ca"
469,"security guard companies in winnipeg","0.81",170,"$4.79",14,10,"wincon-security.com"
470,"best security company canada","0.81",170,"$4.86",28,11,"supremesecurityservices.ca"
471,"online security guard training ontario","0.81",170,"$3.35",57,17,"supremesecurityservices.ca"
472,"ontario security guard training online","0.81",170,"$2.66",49,40,"supremesecurityservices.ca"
473,"security course ontario","0.79",170,"$2.56",35,40,"supremesecurityservices.ca"
474,"best security company in canada","0.78",170,"$4.86",28,11,"supremesecurityservices.ca"
475,"security management services toronto","0.78",170,"$18.79",23,12,"wincon-security.com"
476,"security guard job agency near me","0.77",170,"$1.99",21,16,"wincon-security.com"
477,"security agencies in windsor","0.77",170,"$2.54",12,9,"wincon-security.com"
478,"private security guard jobs","0.76",170,"$0.49",9,8,"wincon-security.com"
479,"security agency hiring near me","0.76",170,"$1.44",23,12,"wincon-security.com"
480,"top security companies in canada","0.76",170,"$3.47",19,32,"wincon-security.com"
481,"best security companies in canada","0.75",170,"$4.86",28,11,"wincon-security.com"
482,"part time security jobs toronto","0.75",170,"$0.52",20,12,"wincon-security.com"
483,"security part time jobs toronto","0.75",170,"$0.52",20,12,"wincon-security.com"
484,"security companies in brampton hiring","0.74",170,"$1.41",25,15,"wincon-security.com"
485,"security agencies hiring near me","0.73",170,"$1.44",23,12,"wincon-security.com"
486,"first service security","0.73",170,"$2.17",6,15,"wincon-security.com"
487,"security companies in gta","0.72",170,"$1.91",26,32,"supremesecurityservices.ca"
488,"mobile security guard","0.72",170,"$3.45",26,16,"wincon-security.com"
489,"jobs for private security","0.71",170,"$0.71",10,16,"supremesecurityservices.ca"
490,"supreme security calgary","0.71",170,"$22.64",22,20,"supremesecurityservices.ca"
491,"personal security","0.71",170,"$6.08",30,16,"supremesecurityservices.ca"
492,"mobile security guards","0.70",170,"$3.45",26,16,"wincon-security.com"
493,"parking authorities toronto","0.69",170,"$0.00",2,22,"supremesecurityservices.ca"
494,"king guard security","0.66",170,"$0.30",2,14,"supremesecurityservices.ca"
495,"concierge security jobs","0.66",170,"$0.27",5,15,"wincon-security.com"
496,"security concierge jobs","0.66",170,"$0.27",5,15,"wincon-security.com"
497,"mobile patrols security","0.64",170,"$2.35",21,20,"wincon-security.com"
498,"loss prevention services limited","0.61",170,"$0.60",4,16,"wincon-security.com"
499,"what is retail loss prevention","0.58",170,"$0.15",1,55,"wincon-security.com"
500,"aurora companies","0.57",170,"$0.00",1,69,"wincon-security.com"
501,"5 star security","0.57",170,"$0.00",1,14,"wincon-security.com"
502,"police come.to house after shoplifting","0.56",170,"$0.00",1,6,"wincon-security.com"
503,"what is a loss prevention","0.53",170,"$0.15",1,62,"wincon-security.com"
504,"what is loss prevention","0.51",170,"$0.15",1,62,"wincon-security.com"
505,"guard license ontario","0.87",140,"$2.10",25,21,"supremesecurityservices.ca"
506,"security guard license application","0.86",140,"$1.91",7,3,"supremesecurityservices.ca"
507,"security guard license course","0.85",140,"$2.81",43,16,"supremesecurityservices.ca"
508,"security guard license brampton","0.85",140,"$3.03",24,27,"wincon-security.com"
509,"security guard license price","0.84",140,"$1.10",15,26,"supremesecurityservices.ca"
510,"security licence cost","0.84",140,"$1.47",19,19,"supremesecurityservices.ca"
511,"get security license","0.84",140,"$2.13",32,4,"supremesecurityservices.ca"
512,"obtain security license","0.84",140,"$2.13",32,3,"supremesecurityservices.ca"
513,"security license fee","0.84",140,"$1.26",10,17,"supremesecurityservices.ca"
514,"security guard companies in hamilton ontario","0.84",140,"$3.66",28,6,"wincon-security.com"
515,"security licence online","0.84",140,"$2.92",38,3,"supremesecurityservices.ca"
516,"security licence fee","0.83",140,"$1.26",10,17,"supremesecurityservices.ca"
517,"ontario security services","0.82",140,"$8.07",24,16,"supremesecurityservices.ca"
518,"ontario security service","0.82",140,"$8.07",24,46,"supremesecurityservices.ca"
519,"security guard company hiring","0.82",140,"$1.74",28,14,"wincon-security.com"
520,"security guard companies in hamilton","0.81",140,"$1.60",30,15,"wincon-security.com"
521,"security services in ontario","0.80",140,"$8.07",24,43,"supremesecurityservices.ca"
522,"security company north york","0.80",140,"$4.11",20,3,"supremesecurityservices.ca"
523,"security guard salary toronto","0.79",140,"$0.35",2,6,"wincon-security.com"
524,"security guard salary in toronto","0.79",140,"$0.35",2,6,"wincon-security.com"
525,"security company niagara falls","0.78",140,"$6.28",32,15,"supremesecurityservices.ca"
526,"security agency in scarborough","0.78",140,"$2.84",19,11,"supremesecurityservices.ca"
527,"it security companies in canada","0.78",140,"$20.78",44,23,"wincon-security.com"
528,"security companies north york","0.77",140,"$4.11",20,3,"supremesecurityservices.ca"
529,"security guard jobs in toronto no experience","0.77",140,"$1.23",40,15,"wincon-security.com"
530,"security guard certification","0.76",140,"$1.97",28,39,"supremesecurityservices.ca"
531,"companies hiring security guards","0.76",140,"$1.74",28,14,"wincon-security.com"
532,"top security companies in toronto","0.76",140,"$4.34",25,13,"supremesecurityservices.ca"
533,"security companies niagara falls","0.75",140,"$6.28",32,15,"supremesecurityservices.ca"
534,"security guard job fair","0.75",140,"$3.78",12,9,"wincon-security.com"
535,"barrie security companies","0.74",140,"$20.23",19,19,"wincon-security.com"
536,"list of security companies in toronto","0.74",140,"$3.45",18,11,"wincon-security.com"
537,"security agencies in scarborough","0.74",140,"$2.84",19,11,"supremesecurityservices.ca"
538,"security toronto","0.74",140,"$4.72",26,23,"wincon-security.com"
539,"certified security guard","0.72",140,"$2.77",34,24,"supremesecurityservices.ca"
540,"basic security guard training","0.71",140,"$2.67",33,12,"supremesecurityservices.ca"
541,"event security guard","0.70",140,"$4.21",28,22,"supremesecurityservices.ca"
542,"security guard event","0.70",140,"$2.56",30,23,"supremesecurityservices.ca"
543,"highest paying security jobs","0.69",140,"$0.14",5,7,"wincon-security.com"
544,"construction site security","0.69",140,"$14.60",54,28,"wincon-security.com"
545,"security for construction site","0.69",140,"$14.60",54,22,"wincon-security.com"
546,"security construction site","0.69",140,"$14.60",54,12,"wincon-security.com"
547,"site security in construction","0.69",140,"$11.30",36,30,"wincon-security.com"
548,"security guard picture","0.69",140,"$0.00",2,14,"supremesecurityservices.ca"
549,"security for construction sites","0.69",140,"$11.30",36,16,"wincon-security.com"
550,"how long does it take to get security license","0.69",140,"$1.37",16,10,"supremesecurityservices.ca"
551,"how long does it take to get a security license","0.68",140,"$1.37",16,10,"supremesecurityservices.ca"
552,"event security guards","0.67",140,"$4.21",28,22,"supremesecurityservices.ca"
553,"executek security","0.67",140,"$7.54",9,21,"wincon-security.com"
554,"security guards for events","0.67",140,"$4.21",28,14,"supremesecurityservices.ca"
555,"security jobs in gta","0.65",140,"$0.27",15,10,"wincon-security.com"
556,"companies in hamilton","0.65",140,"$2.63",2,14,"wincon-security.com"
557,"mm security services inc strathearn avenue brampton on","0.65",140,"$0.03",8,8,"supremesecurityservices.ca"
558,"security jobs gta","0.64",140,"$0.27",15,18,"wincon-security.com"
559,"companies hamilton","0.64",140,"$2.63",2,19,"wincon-security.com"
560,"toronto police gift shop","0.63",140,"$0.58",15,10,"wincon-security.com"
561,"companies in barrie ontario","0.63",140,"$5.01",3,6,"wincon-security.com"
562,"brampton security","0.60",140,"$5.03",20,25,"supremesecurityservices.ca"
563,"security brampton","0.60",140,"$5.03",20,25,"supremesecurityservices.ca"
564,"security jobs in st catharines","0.60",140,"$0.35",13,16,"wincon-security.com"
565,"toronto crime rate by year","0.60",140,"$0.00",1,56,"wincon-security.com"
566,"securing a construction site","0.60",140,"$14.60",54,22,"wincon-security.com"
567,"security concierge","0.59",140,"$7.24",11,22,"supremesecurityservices.ca"
568,"companies in scarborough","0.58",140,"$2.79",3,14,"wincon-security.com"
569,"security jobs st catharines","0.57",140,"$0.18",5,7,"wincon-security.com"
570,"specialized toronto","0.55",140,"$0.76",28,27,"wincon-security.com"
571,"loss prevention for retail","0.55",140,"$8.18",8,8,"wincon-security.com"
572,"loss prevention in retail","0.54",140,"$8.18",8,53,"wincon-security.com"
573,"loss prevention in retail stores","0.53",140,"$1.10",11,51,"wincon-security.com"
574,"retail loss prevention","0.52",140,"$8.18",8,46,"wincon-security.com"
575,"condo concierge services","0.50",140,"$0.00",2,14,"wincon-security.com"
576,"service ontario security guard license","0.93",110,"$1.15",4,2,"supremesecurityservices.ca"
577,"security guard license ontario cost","0.91",110,"$2.35",39,17,"supremesecurityservices.ca"
578,"security guard license cost ontario","0.91",110,"$2.35",39,17,"supremesecurityservices.ca"
579,"get ontario security license","0.90",110,"$2.55",40,23,"supremesecurityservices.ca"
580,"security guard license fee","0.87",110,"$1.33",13,9,"supremesecurityservices.ca"
581,"private security license","0.84",110,"$2.16",16,41,"supremesecurityservices.ca"
582,"security licence apply online","0.82",110,"$1.90",12,3,"supremesecurityservices.ca"
583,"security license apply online","0.82",110,"$4.96",5,26,"supremesecurityservices.ca"
584,"security guard services toronto","0.82",110,"$11.64",14,47,"supremesecurityservices.ca"
585,"security service ontario","0.82",110,"$4.75",17,5,"supremesecurityservices.ca"
586,"security agency name","0.81",110,"$2.86",15,18,"supremesecurityservices.ca"
587,"security industry licensing","0.80",110,"$4.18",6,45,"supremesecurityservices.ca"
588,"security guard services in winnipeg","0.80",110,"$0.00",1,6,"wincon-security.com"
589,"security agencies in canada","0.79",110,"$5.91",23,74,"supremesecurityservices.ca"
590,"ontario security course","0.79",110,"$3.12",32,17,"supremesecurityservices.ca"
591,"biggest security company in canada","0.78",110,"$3.12",14,10,"wincon-security.com"
592,"good security company","0.78",110,"$7.54",16,11,"wincon-security.com"
593,"agency for security jobs","0.78",110,"$1.72",23,12,"wincon-security.com"
594,"agency security jobs","0.78",110,"$2.10",19,19,"wincon-security.com"
595,"best security company","0.78",110,"$7.54",16,38,"wincon-security.com"
596,"largest security company in canada","0.77",110,"$3.12",14,11,"wincon-security.com"
597,"security agency scarborough","0.77",110,"$2.79",31,16,"supremesecurityservices.ca"
598,"security guard requirements","0.77",110,"$1.93",17,3,"wincon-security.com"
599,"name for security company","0.77",110,"$2.86",15,10,"wincon-security.com"
600,"security guard requirement","0.77",110,"$1.93",17,15,"wincon-security.com"
601,"toronto private security","0.76",110,"$4.53",19,38,"supremesecurityservices.ca"
602,"online security training ontario","0.76",110,"$3.47",46,17,"supremesecurityservices.ca"
603,"security course online ontario","0.76",110,"$3.47",46,18,"supremesecurityservices.ca"
604,"online security course ontario","0.76",110,"$3.47",46,17,"supremesecurityservices.ca"
605,"private security officer","0.76",110,"$2.62",17,12,"supremesecurityservices.ca"
606,"niagara security and protective services","0.76",110,"$0.00",8,8,"supremesecurityservices.ca"
607,"security companies in north york","0.76",110,"$1.25",21,25,"supremesecurityservices.ca"
608,"security guard jobs in barrie ontario","0.75",110,"$0.19",8,8,"wincon-security.com"
609,"biggest security companies in canada","0.75",110,"$3.12",14,2,"wincon-security.com"
610,"security guard qualifications","0.75",110,"$1.93",17,15,"supremesecurityservices.ca"
611,"event security company","0.75",110,"$3.55",21,20,"supremesecurityservices.ca"
612,"largest security companies in canada","0.75",110,"$3.12",14,32,"wincon-security.com"
613,"good security companies","0.74",110,"$7.54",16,42,"supremesecurityservices.ca"
614,"ontario security training near me","0.74",110,"$1.30",28,29,"supremesecurityservices.ca"
615,"mleo license","0.74",110,"$3.51",14,23,"supremesecurityservices.ca"
616,"private security guard","0.74",110,"$2.62",17,45,"supremesecurityservices.ca"
617,"private guard security","0.74",110,"$2.62",17,12,"supremesecurityservices.ca"
618,"security officer qualifications","0.74",110,"$1.93",17,3,"wincon-security.com"
619,"security guards requirements","0.74",110,"$1.93",17,19,"wincon-security.com"
620,"agencies for security jobs","0.74",110,"$1.72",23,12,"wincon-security.com"
621,"security company for events","0.73",110,"$3.55",21,1,"supremesecurityservices.ca"
622,"how to get my security license","0.73",110,"$1.78",42,39,"supremesecurityservices.ca"
623,"york security","0.73",110,"$0.00",2,1,"supremesecurityservices.ca"
624,"best security companies","0.73",110,"$7.54",16,45,"supremesecurityservices.ca"
625,"patrol security guard jobs","0.72",110,"$0.47",7,8,"wincon-security.com"
626,"security guard jobs in barrie","0.72",110,"$0.91",10,15,"wincon-security.com"
627,"security guard jobs barrie","0.72",110,"$0.91",10,15,"wincon-security.com"
628,"security companies near me hiring","0.72",110,"$2.48",15,10,"wincon-security.com"
629,"event security companies","0.72",110,"$3.55",21,20,"supremesecurityservices.ca"
630,"security firm","0.72",110,"$2.65",14,39,"supremesecurityservices.ca"
631,"private security guards","0.72",110,"$2.62",17,12,"supremesecurityservices.ca"
632,"security industry","0.72",110,"$0.00",2,59,"wincon-security.com"
633,"security guard training scarborough","0.72",110,"$2.05",46,1,"wincon-security.com"
634,"can security guard arrest you","0.71",110,"$0.00",1,5,"supremesecurityservices.ca"
635,"toronto event security","0.71",110,"$2.85",28,22,"wincon-security.com"
636,"it company hamilton","0.71",110,"$5.48",14,18,"wincon-security.com"
637,"security guard career","0.71",110,"$1.40",25,26,"wincon-security.com"
638,"career as a security officer","0.71",110,"$1.40",25,13,"wincon-security.com"
639,"security guard code","0.71",110,"$0.00",1,13,"wincon-security.com"
640,"event security firms","0.70",110,"$3.55",21,20,"supremesecurityservices.ca"
641,"security guard codes","0.70",110,"$0.00",1,13,"wincon-security.com"
642,"ontario security training scarborough","0.70",110,"$4.31",28,29,"wincon-security.com"
643,"security companies for events","0.70",110,"$3.55",21,12,"supremesecurityservices.ca"
644,"can security guards arrest you","0.69",110,"$0.00",1,5,"supremesecurityservices.ca"
645,"security guards code","0.68",110,"$0.00",1,13,"wincon-security.com"
646,"security guards codes","0.67",110,"$0.00",1,13,"wincon-security.com"
647,"private protection","0.66",110,"$3.17",69,39,"supremesecurityservices.ca"
648,"police come to house after shoplifting canada","0.66",110,"$0.00",4,7,"wincon-security.com"
649,"pride security solutions","0.65",110,"$0.00",2,14,"wincon-security.com"
650,"north york companies","0.65",110,"$0.04",4,15,"supremesecurityservices.ca"
651,"companies in north york","0.65",110,"$0.04",4,7,"supremesecurityservices.ca"
652,"gta security jobs","0.64",110,"$0.75",19,19,"wincon-security.com"
653,"parking enforcement richmond hill","0.63",110,"$0.00",1,9,"supremesecurityservices.ca"
654,"king security","0.61",110,"$3.17",11,22,"supremesecurityservices.ca"
655,"assured toronto west","0.60",110,"$0.00",8,16,"wincon-security.com"
656,"response security","0.60",110,"$5.43",11,22,"wincon-security.com"
657,"kog security jobs","0.58",110,"$0.68",7,16,"wincon-security.com"
658,"what is level c first aid","0.56",110,"$0.96",7,8,"supremesecurityservices.ca"
659,"retailers in toronto","0.56",110,"$0.00",3,14,"wincon-security.com"
660,"toronto retail","0.55",110,"$0.00",3,10,"wincon-security.com"
661,"security con","0.53",110,"$11.76",30,59,"wincon-security.com"
662,"retailers toronto","0.51",110,"$0.00",3,8,"wincon-security.com"
663,"service ontario renew security license","0.89",90,"$0.00",1,5,"supremesecurityservices.ca"
664,"security guard license requirements","0.87",90,"$0.76",17,51,"supremesecurityservices.ca"
665,"requirement for security guard license","0.86",90,"$1.30",20,13,"supremesecurityservices.ca"
666,"security worker license","0.85",90,"$0.00",2,24,"supremesecurityservices.ca"
667,"security guard company in canada","0.85",90,"$5.05",18,50,"supremesecurityservices.ca"
668,"security guard companies canada","0.84",90,"$5.05",18,11,"supremesecurityservices.ca"
669,"canada security guard companies","0.84",90,"$5.05",18,34,"supremesecurityservices.ca"
670,"security license requirement","0.84",90,"$1.42",18,4,"supremesecurityservices.ca"
671,"security license requirements","0.84",90,"$1.42",18,13,"supremesecurityservices.ca"
672,"security workers licence","0.83",90,"$0.00",2,37,"supremesecurityservices.ca"
673,"security guard companies in canada","0.82",90,"$5.05",18,41,"supremesecurityservices.ca"
674,"security license renewal fees","0.82",90,"$0.00",1,5,"supremesecurityservices.ca"
675,"cost to renew security licence","0.81",90,"$0.00",1,5,"supremesecurityservices.ca"
676,"security license renewal fee","0.81",90,"$0.00",1,5,"supremesecurityservices.ca"
677,"ontario guard security","0.81",90,"$1.28",28,44,"supremesecurityservices.ca"
678,"security guard companies mississauga","0.81",90,"$3.34",24,7,"supremesecurityservices.ca"
679,"security licence renewal fee","0.81",90,"$0.00",1,5,"supremesecurityservices.ca"
680,"security agency logo","0.81",90,"$2.69",9,16,"supremesecurityservices.ca"
681,"security certificate ontario","0.80",90,"$1.65",43,5,"supremesecurityservices.ca"
682,"it security services company","0.80",90,"$4.37",15,24,"wincon-security.com"
683,"security guard job canada","0.80",90,"$0.69",24,13,"wincon-security.com"
684,"security guard employment agencies near me","0.79",90,"$1.64",21,12,"wincon-security.com"
685,"security officer jobs canada","0.79",90,"$0.69",24,13,"wincon-security.com"
686,"security guard jobs canada","0.79",90,"$0.69",24,13,"wincon-security.com"
687,"security guard agencies in scarborough","0.79",90,"$2.90",23,12,"supremesecurityservices.ca"
688,"security guard companies in scarborough","0.78",90,"$0.84",20,12,"supremesecurityservices.ca"
689,"security guard jobs toronto part time","0.78",90,"$1.06",16,10,"wincon-security.com"
690,"security guard job in canada","0.78",90,"$0.69",24,3,"wincon-security.com"
691,"security guard part time jobs toronto","0.78",90,"$1.06",16,10,"wincon-security.com"
692,"security guard services mississauga","0.78",90,"$3.34",24,13,"supremesecurityservices.ca"
693,"security guard companies scarborough","0.78",90,"$0.84",20,12,"supremesecurityservices.ca"
694,"security companies in toronto hiring","0.78",90,"$1.32",30,15,"wincon-security.com"
695,"enforcement security services","0.78",90,"$0.00",11,17,"supremesecurityservices.ca"
696,"security guard jobs in canada","0.77",90,"$0.69",24,13,"wincon-security.com"
697,"it security services companies","0.77",90,"$4.37",15,8,"wincon-security.com"
698,"best security guard training toronto","0.77",90,"$2.60",37,17,"wincon-security.com"
699,"top security company","0.77",90,"$5.26",16,19,"supremesecurityservices.ca"
700,"security guard companies in kitchener waterloo","0.76",90,"$2.88",30,1,"supremesecurityservices.ca"
701,"largest security guard companies","0.76",90,"$2.12",13,23,"supremesecurityservices.ca"
702,"top 10 security companies in ontario","0.76",90,"$4.18",20,12,"supremesecurityservices.ca"
703,"security guards jobs in canada","0.75",90,"$0.69",24,13,"wincon-security.com"
704,"security guard for office","0.75",90,"$5.57",17,16,"wincon-security.com"
705,"loss prevention license ontario","0.75",90,"$1.78",25,13,"supremesecurityservices.ca"
706,"security job agencies in brampton","0.75",90,"$1.48",21,16,"supremesecurityservices.ca"
707,"security guard jobs niagara falls","0.74",90,"$1.10",20,13,"wincon-security.com"
708,"security companies in oshawa","0.74",90,"$0.54",22,4,"supremesecurityservices.ca"
709,"no experience security guard jobs","0.74",90,"$0.56",20,12,"wincon-security.com"
710,"private security services","0.74",90,"$3.62",16,11,"supremesecurityservices.ca"
711,"security business","0.74",90,"$3.88",20,53,"supremesecurityservices.ca"
712,"tricom security services inc","0.74",90,"$1.93",5,16,"wincon-security.com"
713,"oshawa security companies","0.73",90,"$12.59",20,20,"supremesecurityservices.ca"
714,"small security companies","0.72",90,"$3.81",37,23,"wincon-security.com"
715,"star security services","0.72",90,"$1.42",15,18,"supremesecurityservices.ca"
716,"ontario security exam booking","0.72",90,"$3.46",4,10,"supremesecurityservices.ca"
717,"new brunswick security jobs","0.72",90,"$0.11",4,7,"wincon-security.com"
718,"security jobs new brunswick","0.72",90,"$0.11",4,7,"wincon-security.com"
719,"top security companies","0.72",90,"$6.61",18,58,"supremesecurityservices.ca"
720,"security companies in vaughan","0.72",90,"$13.86",15,10,"supremesecurityservices.ca"
721,"mobile patrol security jobs","0.71",90,"$0.58",6,7,"wincon-security.com"
722,"security jobs in new brunswick","0.71",90,"$0.11",4,7,"wincon-security.com"
723,"security guard jobs in etobicoke","0.71",90,"$1.03",20,15,"wincon-security.com"
724,"security guard in brampton","0.70",90,"$1.37",19,49,"wincon-security.com"
725,"apply security jobs","0.70",90,"$2.05",28,23,"supremesecurityservices.ca"
726,"use of force security guards","0.70",90,"$4.34",6,7,"supremesecurityservices.ca"
727,"security guard jobs etobicoke","0.70",90,"$1.03",20,15,"wincon-security.com"
728,"concierge security guard duties","0.70",90,"$0.28",2,6,"wincon-security.com"
729,"security businesses","0.69",90,"$3.88",20,44,"supremesecurityservices.ca"
730,"security work","0.69",90,"$1.04",23,22,"wincon-security.com"
731,"tactical security guard duties","0.69",90,"$0.79",1,6,"supremesecurityservices.ca"
732,"toronto gta security training","0.69",90,"$1.11",12,9,"wincon-security.com"
733,"job in security","0.69",90,"$0.43",7,8,"wincon-security.com"
734,"construction security","0.69",90,"$5.58",43,31,"wincon-security.com"
735,"security guard brampton","0.68",90,"$1.37",19,19,"wincon-security.com"
736,"work for security","0.68",90,"$2.77",11,8,"supremesecurityservices.ca"
737,"north bay security jobs","0.67",90,"$0.28",6,7,"wincon-security.com"
738,"toronto police cyber crime unit","0.67",90,"$8.79",12,9,"wincon-security.com"
739,"builders security","0.67",90,"$9.13",13,22,"wincon-security.com"
740,"it company brampton","0.66",90,"$13.29",34,10,"supremesecurityservices.ca"
741,"jobs in security","0.66",90,"$0.43",7,26,"wincon-security.com"
742,"integrity and security guideline","0.65",90,"$0.00",1,6,"wincon-security.com"
743,"security jobs pei","0.65",90,"$1.13",9,15,"wincon-security.com"
744,"security class","0.64",90,"$2.92",25,24,"supremesecurityservices.ca"
745,"action integrated security solutions","0.64",90,"$9.22",14,10,"wincon-security.com"
746,"toronto police store","0.63",90,"$0.80",18,19,"wincon-security.com"
747,"star security inc queen street west toronto on","0.63",90,"$0.00",2,6,"wincon-security.com"
748,"security classes","0.63",90,"$2.92",25,15,"supremesecurityservices.ca"
749,"star security near me","0.60",90,"$2.13",17,11,"supremesecurityservices.ca"
750,"parking enforcement scarborough","0.59",90,"$0.00",1,16,"wincon-security.com"
751,"companies in oshawa","0.58",90,"$0.00",3,14,"supremesecurityservices.ca"
752,"markham tech companies","0.55",90,"$6.67",8,16,"wincon-security.com"
753,"oshawa companies","0.53",90,"$0.00",3,19,"supremesecurityservices.ca"
754,"supreme hat canada","0.50",90,"$0.94",90,41,"supremesecurityservices.ca"
755,"private security license ontario","0.90",70,"$6.58",17,16,"supremesecurityservices.ca"
756,"online security guard license renewal","0.86",70,"$0.00",2,6,"supremesecurityservices.ca"
757,"how to get security guard license in ontario","0.84",70,"$1.95",44,27,"supremesecurityservices.ca"
758,"security jobs license","0.83",70,"$2.66",21,28,"supremesecurityservices.ca"
759,"security license jobs","0.83",70,"$2.66",21,20,"wincon-security.com"
760,"security guard laws ontario","0.83",70,"$0.00",2,9,"supremesecurityservices.ca"
761,"security guard companies montreal","0.83",70,"$5.36",20,12,"wincon-security.com"
762,"security guard companies windsor","0.82",70,"$3.16",9,8,"wincon-security.com"
763,"home security company toronto","0.81",70,"$9.62",42,14,"wincon-security.com"
764,"how much for security guard license","0.80",70,"$1.21",13,6,"supremesecurityservices.ca"
765,"how much is security guard license","0.80",70,"$1.21",13,6,"supremesecurityservices.ca"
766,"private security and investigative services ontario","0.80",70,"$7.07",25,4,"supremesecurityservices.ca"
767,"private security ontario","0.80",70,"$5.66",33,23,"supremesecurityservices.ca"
768,"where to get a security guard license","0.79",70,"$2.62",38,5,"supremesecurityservices.ca"
769,"where to get security license","0.79",70,"$2.97",28,51,"supremesecurityservices.ca"
770,"the security company","0.79",70,"$3.28",2,22,"wincon-security.com"
771,"toronto home security companies","0.78",70,"$9.62",42,14,"wincon-security.com"
772,"home security companies toronto","0.78",70,"$12.21",52,9,"wincon-security.com"
773,"part time security guard jobs toronto","0.78",70,"$0.81",23,12,"wincon-security.com"
774,"security guard commercial","0.78",70,"$9.22",30,23,"supremesecurityservices.ca"
775,"security service canada","0.78",70,"$3.39",18,52,"supremesecurityservices.ca"
776,"security guard uniform ontario","0.78",70,"$0.90",52,21,"supremesecurityservices.ca"
777,"security training ontario","0.78",70,"$1.95",31,40,"supremesecurityservices.ca"
778,"how much is a security guard license","0.78",70,"$1.75",31,15,"supremesecurityservices.ca"
779,"security staffing agency","0.78",70,"$2.48",28,16,"supremesecurityservices.ca"
780,"private security canada","0.78",70,"$1.74",33,13,"supremesecurityservices.ca"
781,"home security companies in toronto","0.76",70,"$9.62",42,11,"wincon-security.com"
782,"how to start a security company in ontario","0.76",70,"$4.30",20,12,"wincon-security.com"
783,"security guard and patrol services","0.76",70,"$21.20",20,12,"wincon-security.com"
784,"where do you get a security guard license","0.75",70,"$2.62",38,5,"supremesecurityservices.ca"
785,"private security contracts","0.75",70,"$2.75",11,17,"wincon-security.com"
786,"security patrol services","0.75",70,"$21.20",20,20,"wincon-security.com"
787,"security management jobs toronto","0.75",70,"$0.16",9,8,"wincon-security.com"
788,"mobile security guard jobs","0.75",70,"$0.39",6,7,"wincon-security.com"
789,"retail security guard","0.74",70,"$5.77",21,20,"supremesecurityservices.ca"
790,"m&m security services","0.74",70,"$2.06",7,16,"supremesecurityservices.ca"
791,"security guards and patrol services","0.74",70,"$21.20",20,12,"wincon-security.com"
792,"the security co","0.74",70,"$3.28",2,15,"wincon-security.com"
793,"security companies oshawa","0.73",70,"$17.06",22,9,"supremesecurityservices.ca"
794,"security recruitment agencies near me","0.73",70,"$2.50",35,16,"wincon-security.com"
795,"jobs security guard","0.73",70,"$0.43",11,23,"wincon-security.com"
796,"security jobs companies","0.72",70,"$1.34",16,16,"wincon-security.com"
797,"security exam ontario","0.72",70,"$3.93",3,33,"supremesecurityservices.ca"
798,"security job apply","0.72",70,"$0.43",25,21,"supremesecurityservices.ca"
799,"what security guard","0.72",70,"$0.00",2,16,"wincon-security.com"
800,"special security services group","0.72",70,"$1.48",5,7,"supremesecurityservices.ca"
801,"security companies list","0.72",70,"$2.28",10,17,"wincon-security.com"
802,"security guard mississauga","0.72",70,"$3.78",20,18,"supremesecurityservices.ca"
803,"retail security guards","0.72",70,"$7.61",20,20,"supremesecurityservices.ca"
804,"what is security guard","0.72",70,"$0.00",2,22,"wincon-security.com"
805,"security jobs international","0.71",70,"$0.00",7,32,"wincon-security.com"
806,"security guard weekend jobs","0.71",70,"$0.15",7,8,"wincon-security.com"
807,"security guard jobs weekend","0.71",70,"$0.15",7,8,"wincon-security.com"
808,"weekend security guard jobs","0.71",70,"$0.15",7,8,"wincon-security.com"
809,"security guard jobs markham","0.71",70,"$0.19",12,9,"wincon-security.com"
810,"security agencies in etobicoke","0.71",70,"$2.25",19,11,"supremesecurityservices.ca"
811,"security companies in etobicoke","0.70",70,"$3.07",40,18,"supremesecurityservices.ca"
812,"list of security companies","0.70",70,"$2.28",10,9,"wincon-security.com"
813,"what is the security guard","0.70",70,"$0.00",2,15,"wincon-security.com"
814,"security jobs north york","0.70",70,"$0.46",14,10,"wincon-security.com"
815,"security jobs companies near me","0.70",70,"$1.57",14,10,"wincon-security.com"
816,"hamilton security","0.70",70,"$5.25",18,10,"wincon-security.com"
817,"security exam fees","0.69",70,"$0.00",1,6,"supremesecurityservices.ca"
818,"retail security","0.69",70,"$8.27",16,16,"wincon-security.com"
819,"we security","0.69",70,"$0.00",1,23,"wincon-security.com"
820,"site security","0.68",70,"$8.95",9,19,"wincon-security.com"
821,"security guard cpr training","0.68",70,"$2.18",46,4,"supremesecurityservices.ca"
822,"patrol security guard","0.68",70,"$1.60",14,18,"wincon-security.com"
823,"the secure companies","0.68",70,"$3.28",2,32,"wincon-security.com"
824,"wincon security jobs","0.67",70,"$0.61",8,16,"wincon-security.com"
825,"hr guard security","0.67",70,"$0.00",3,14,"wincon-security.com"
826,"torcon security","0.67",70,"$4.44",11,23,"wincon-security.com"
827,"quote for security","0.67",70,"$0.00",1,14,"wincon-security.com"
828,"security training scarborough","0.67",70,"$8.07",43,26,"wincon-security.com"
829,"protective services jobs","0.66",70,"$0.42",3,16,"supremesecurityservices.ca"
830,"kings guard security","0.66",70,"$2.54",2,14,"supremesecurityservices.ca"
831,"security systems for condominiums","0.65",70,"$5.22",100,36,"wincon-security.com"
832,"mississauga security","0.65",70,"$4.59",15,9,"supremesecurityservices.ca"
833,"security quote","0.65",70,"$7.45",5,29,"wincon-security.com"
834,"private police","0.64",70,"$0.00",1,19,"supremesecurityservices.ca"
835,"security jobs in markham","0.64",70,"$0.79",10,9,"wincon-security.com"
836,"security jobs in vaughan","0.63",70,"$0.20",13,9,"wincon-security.com"
837,"security jobs markham","0.63",70,"$0.79",10,17,"wincon-security.com"
838,"quote about security","0.63",70,"$0.00",1,14,"wincon-security.com"
839,"scarlet security jobs","0.62",70,"$0.38",12,12,"supremesecurityservices.ca"
840,"patrolling security guard","0.62",70,"$1.60",14,16,"wincon-security.com"
841,"security jobs vaughan","0.61",70,"$0.20",13,17,"wincon-security.com"
842,"mobile guard","0.61",70,"$0.00",3,34,"wincon-security.com"
843,"paramount concierge services ltd","0.61",70,"$0.00",1,16,"wincon-security.com"
844,"what is the crime rate in toronto","0.61",70,"$0.00",1,31,"wincon-security.com"
845,"mm security services","0.59",70,"$2.06",7,16,"supremesecurityservices.ca"
846,"toronto concierge services","0.59",70,"$5.11",13,18,"wincon-security.com"
847,"paladin security niagara falls","0.58",70,"$0.71",9,8,"wincon-security.com"
848,"retail secure","0.58",70,"$8.27",16,22,"wincon-security.com"
849,"mm security service","0.57",70,"$3.15",5,16,"supremesecurityservices.ca"
850,"m m security services","0.56",70,"$3.15",5,16,"supremesecurityservices.ca"
851,"mobile guarding","0.55",70,"$0.00",3,11,"wincon-security.com"
852,"garda jobs toronto","0.54",70,"$0.42",7,16,"wincon-security.com"
853,"private policing","0.54",70,"$0.00",1,19,"supremesecurityservices.ca"
854,"parking control","0.52",70,"$8.75",28,18,"supremesecurityservices.ca"
855,"parking enforcement services","0.71",30,"$4.36",15,18,"supremesecurityservices.ca"
856,"security guard richmond","0.75",10,"$2.98",17,19,"supremesecurityservices.ca"
857,"security guard service richmond","0.79",0,"$0.00",1,4,"wincon-security.com"
858,"cyber security firms mississauga","0.71",0,"$0.00",1,4,"wincon-security.com"
